{"cameraMode":{"drawMode":0,"name":"Shaded","section":"Shading Mode"},"sceneLighting":true,"audioPlay":false,"sceneViewState":{"m_AlwaysRefresh":false,"showFog":true,"showSkybox":true,"showFlares":true,"showImageEffects":true,"showParticleSystems":true,"showVisualEffectGraphs":true,"m_FxEnabled":true},"in2DMode":false,"pivot":{"x":-2.7503445148468019,"y":-1.850602626800537,"z":-2.3419604301452638},"rotation":{"x":0.3410344123840332,"y":0.18700355291366578,"z":-0.06990691274404526,"w":0.9188142418861389},"size":1.2504225969314576,"orthographic":false}