{"cameraMode":{"drawMode":0,"name":"Shaded","section":"Shading Mode"},"sceneLighting":true,"audioPlay":false,"sceneViewState":{"m_AlwaysRefresh":false,"showFog":true,"showSkybox":true,"showFlares":true,"showImageEffects":true,"showParticleSystems":true,"showVisualEffectGraphs":true,"m_FxEnabled":true},"in2DMode":false,"pivot":{"x":0.29415225982666018,"y":0.09452551603317261,"z":-1.0137662887573243},"rotation":{"x":-0.3658599257469177,"y":-0.37873876094818118,"z":0.1660081297159195,"w":-0.8338661193847656},"size":2.554680585861206,"orthographic":false}